Hyper parameters,Value
population_size 200
selection_size 100
mutation_rate 0.1
crossover_rate 0.5
crossover_points 3
generations 100
battle_participants 4
elite_num 1

generation,accuracy
0,0.741100013256073
1,0.741100013256073
2,0.741100013256073
3,0.741100013256073
4,0.741100013256073
5,0.741100013256073
6,0.741100013256073
