Hyper parameters,Value
population_size 200
selection_size 100
mutation_rate 0.1
crossover_rate 0.5
crossover_points 3
generations 100
battle_participants 4
elite_num 1

generation,accuracy
0,0.5981000065803528
1,0.6148999929428101
2,0.6148999929428101
3,0.6148999929428101
4,0.6148999929428101
5,0.6148999929428101
6,0.6148999929428101
7,0.6148999929428101
